{"stats":{"minecraft:custom":{"minecraft:time_since_rest":145011,"minecraft:open_enderchest":4,"minecraft:sprint_one_cm":112459,"minecraft:damage_taken":10,"minecraft:walk_one_cm":471705,"minecraft:mob_kills":3,"minecraft:damage_dealt":696,"minecraft:talked_to_villager":2,"minecraft:interact_with_crafting_table":1,"minecraft:fly_one_cm":1679067,"minecraft:crouch_one_cm":360,"minecraft:play_time":145011,"minecraft:sneak_time":93,"minecraft:walk_under_water_one_cm":7152,"minecraft:jump":618,"minecraft:leave_game":3,"minecraft:walk_on_water_one_cm":12745,"minecraft:time_since_death":145011,"minecraft:climb_one_cm":880,"minecraft:total_world_time":145011,"minecraft:fall_one_cm":3376},"minecraft:killed":{"minecraft:trader_llama":2,"minecraft:cow":1},"minecraft:mined":{"minecraft:dark_oak_log":10,"minecraft:grass":3,"minecraft:stone":22},"minecraft:crafted":{"minecraft:crafting_table":1,"minecraft:stick":36,"minecraft:wooden_pickaxe":1,"minecraft:dark_oak_planks":40},"minecraft:used":{"minecraft:netherite_sword":8,"minecraft:water_bucket":269,"minecraft:grass_block":1846,"minecraft:wooden_pickaxe":22,"minecraft:stone":18,"minecraft:cherry_leaves":25,"minecraft:smooth_quartz":35,"minecraft:crimson_planks":4,"minecraft:structure_block":9,"minecraft:dirt":192,"minecraft:crafting_table":1,"minecraft:chiseled_quartz_block":77,"minecraft:cherry_log":21},"minecraft:picked_up":{"minecraft:pink_petals":12,"minecraft:lead":2,"minecraft:dandelion":39,"minecraft:soul_torch":1,"minecraft:dark_oak_log":10,"minecraft:rotten_flesh":2,"minecraft:wheat_seeds":20,"minecraft:beef":3,"minecraft:cobblestone":22}},"DataVersion":3465}