{"stats":{"minecraft:crafted":{"travelersbackpack:diamond":2,"minecraft:cooked_mutton":17,"minecraft:glass":36,"minecraft:bow":1,"minecraft:diamond_helmet":6,"minecraft:diamond_leggings":3,"minecraft:chest":5,"minecraft:acacia_fence":90,"minecraft:smoker":1,"minecraft:cooked_porkchop":23,"minecraft:crafting_table":7,"minecraft:spruce_planks":208,"minecraft:acacia_slab":18,"travelersbackpack:standard":2,"minecraft:baked_potato":169,"minecraft:wooden_pickaxe":2,"minecraft:iron_helmet":1,"minecraft:gold_block":83,"minecraft:iron_chestplate":1,"minecraft:shield":5,"minecraft:stick":32,"minecraft:iron_ingot":22,"minecraft:iron_pickaxe":2,"minecraft:iron_block":68,"minecraft:stone_sword":2,"disenchanting:disenchanter":1,"minecraft:gold_ingot":54,"minecraft:netherite_ingot":10,"minecraft:stone_shovel":1,"comforts:sleeping_bag_white":2,"minecraft:furnace":1,"mininghelmet:mining_helmet":1,"minecraft:diamond_block":46,"minecraft:diamond":45,"minecraft:iron_axe":2,"minecraft:stone_pickaxe":5,"minecraft:cobblestone_wall":78,"minecraft:diamond_boots":4,"minecraft:spruce_boat":2,"minecraft:wheat":360,"minecraft:cooked_beef":14,"minecraft:diamond_sword":3,"travelersbackpack:backpack_tank":4,"minecraft:bucket":3,"minecraft:acacia_stairs":40,"minecraft:stone_axe":3,"minecraft:bread":129,"minecraft:air":0,"minecraft:golden_apple":29,"minecraft:wooden_axe":1,"minecraft:iron_shovel":1,"minecraft:iron_leggings":1,"minecraft:anvil":2,"minecraft:acacia_planks":708,"minecraft:torch":188,"minecraft:diamond_chestplate":3},"minecraft:dropped":{"minecraft:iron_sword":1,"minecraft:diamond_axe":4,"minecraft:mud_brick_slab":2,"minecraft:baked_potato":27,"minecraft:glow_ink_sac":5,"minecraft:crafting_table":1,"minecraft:orange_tulip":5,"minecraft:item_frame":2,"minecraft:packed_mud":10,"minecraft:dirt":1,"minecraft:crimson_trapdoor":3,"minecraft:cornflower":27,"minecraft:dark_oak_trapdoor":1,"minecraft:white_wool":1,"minecraft:bone":25,"minecraft:gravel":78,"minecraft:stone_axe":1,"minecraft:lever":1,"minecraft:cobbled_deepslate":7,"minecraft:black_terracotta":1,"minecraft:rotten_flesh":102,"minecraft:fern":1,"minecraft:gunpowder":7,"minecraft:charcoal":3,"minecraft:chainmail_boots":3,"minecraft:acacia_sapling":16,"minecraft:spruce_slab":17,"minecraft:arrow":53,"minecraft:egg":1,"minecraft:bread":49,"minecraft:water_bucket":2,"minecraft:wheat_seeds":5,"minecraft:mossy_cobblestone":14,"minecraft:dripstone_block":1,"minecraft:diamond_leggings":1,"minecraft:apple":27,"minecraft:spruce_door":2,"minecraft:spruce_stairs":1,"minecraft:coal":59,"minecraft:golden_apple":6,"minecraft:stick":1,"minecraft:crimson_stairs":1,"minecraft:mud_brick_wall":1,"minecraft:torch":60,"minecraft:wooden_axe":1,"minecraft:rose_bush":2,"minecraft:diamond_helmet":1,"minecraft:iron_leggings":1,"minecraft:flowering_azalea":2,"minecraft:iron_shovel":1,"minecraft:string":2,"minecraft:blue_carpet":1,"minecraft:acacia_planks":17,"minecraft:spruce_sapling":10,"minecraft:redstone":5,"travelersbackpack:diamond":1,"minecraft:player_head":2,"minecraft:stone_sword":1,"minecraft:cobblestone_wall":4,"minecraft:smooth_stone_slab":1,"minecraft:raw_iron":2,"minecraft:stone_shovel":1,"minecraft:stone_slab":3,"minecraft:waxed_exposed_cut_copper":3,"minecraft:pumpkin_seeds":5,"minecraft:copper_ore":1,"minecraft:diamond_sword":1,"minecraft:potato":1,"minecraft:mud_bricks":8,"minecraft:shield":1,"minecraft:diamond_chestplate":2,"minecraft:spruce_trapdoor":22,"minecraft:spruce_planks":3,"minecraft:diamond_pickaxe":1,"minecraft:golden_leggings":2,"minecraft:oak_sapling":1,"minecraft:diamond_boots":1,"minecraft:stone_pickaxe":1,"minecraft:blue_orchid":8,"minecraft:wooden_pickaxe":1,"minecraft:dark_prismarine":2},"minecraft:mined":{"minecraft:dark_oak_planks":15,"minecraft:waxed_cut_copper_slab":2,"minecraft:blue_carpet":4,"minecraft:large_amethyst_bud":1,"minecraft:spruce_planks":98,"minecraft:prismarine_wall":4,"minecraft:black_terracotta":15,"minecraft:sculk_vein":3,"minecraft:cobblestone_stairs":7,"minecraft:brewing_stand":1,"minecraft:spruce_trapdoor":31,"minecraft:cave_vines_plant":4,"minecraft:acacia_log":207,"minecraft:crimson_trapdoor":5,"minecraft:grass_block":137,"minecraft:mud_bricks":280,"minecraft:mud_brick_wall":14,"minecraft:hopper":2,"minecraft:spawner":64,"minecraft:dark_oak_trapdoor":11,"minecraft:iron_ore":13,"minecraft:barrel":2,"minecraft:moss_carpet":3,"minecraft:stripped_dark_oak_wood":1,"minecraft:dark_oak_stairs":12,"minecraft:enchanting_table":1,"minecraft:sculk_shrieker":1,"minecraft:cave_vines":5,"minecraft:flowering_azalea_leaves":1,"minecraft:dirt_path":46,"minecraft:small_amethyst_bud":2,"minecraft:purple_carpet":1,"minecraft:blue_orchid":4,"minecraft:player_head":3,"minecraft:spruce_slab":23,"minecraft:waxed_cut_copper_stairs":4,"minecraft:waxed_cut_copper":13,"minecraft:magenta_carpet":1,"soulsweapons:verglas_ore_deepslate":2,"minecraft:medium_amethyst_bud":1,"minecraft:smoker":3,"minecraft:soul_fire":1,"minecraft:torch":9,"minecraft:blast_furnace":4,"minecraft:mud_brick_stairs":2,"minecraft:chest":3,"minecraft:cobblestone":298,"minecraft:slime_block":4,"minecraft:wall_torch":9,"minecraft:cauldron":1,"minecraft:tinted_glass":11,"minecraft:waxed_oxidized_cut_copper_stairs":2,"minecraft:blue_ice":1,"minecraft:lilac":5,"minecraft:jukebox":1,"minecraft:tnt":4,"minecraft:orange_tulip":3,"minecraft:grass":19,"minecraft:acacia_fence":6,"minecraft:dirt":113,"minecraft:sand":36,"minecraft:waxed_weathered_cut_copper":1,"minecraft:deepslate":8,"soulsweapons:verglas_ore":3,"biomemakeover:willow_leaves":4,"minecraft:dark_prismarine":5,"minecraft:red_carpet":1,"minecraft:mossy_cobblestone":14,"minecraft:deepslate_diamond_ore":28,"minecraft:potted_flowering_azalea_bush":1,"minecraft:glow_lichen":3,"minecraft:dark_oak_fence":6,"minecraft:spruce_leaves":14,"minecraft:birch_slab":2,"minecraft:acacia_slab":4,"minecraft:moss_block":6,"minecraft:large_fern":1,"minecraft:hay_block":40,"minecraft:oxidized_cut_copper":14,"minecraft:redstone_ore":1,"minecraft:packed_mud":81,"minecraft:waxed_oxidized_cut_copper":19,"minecraft:furnace":2,"minecraft:acacia_trapdoor":7,"minecraft:nether_sprouts":3,"minecraft:andesite":121,"minecraft:stripped_spruce_log":26,"minecraft:peony":3,"soulsweapons:moonstone_ore_deepslate":2,"minecraft:bookshelf":129,"minecraft:vine":3,"minecraft:warped_trapdoor":1,"minecraft:cut_copper":32,"minecraft:stone":247,"minecraft:ender_chest":1,"minecraft:smithing_table":1,"minecraft:mud_brick_slab":11,"minecraft:scaffolding":1,"minecraft:flowering_azalea":3,"minecraft:glass_pane":8,"minecraft:spruce_door":1,"minecraft:crafting_table":8,"minecraft:cornflower":17,"minecraft:cyan_stained_glass_pane":2,"minecraft:honey_block":1,"minecraft:rose_bush":3,"minecraft:sculk_sensor":1,"minecraft:lectern":1,"minecraft:lightning_rod":1,"minecraft:stone_slab":11,"minecraft:tall_grass":2,"minecraft:lapis_ore":2,"minecraft:sculk":12,"minecraft:blue_bed":1,"minecraft:spruce_stairs":6,"minecraft:cobblestone_wall":5,"minecraft:spruce_log":218,"minecraft:dark_prismarine_slab":1,"minecraft:coal_ore":105,"minecraft:acacia_door":1,"minecraft:gravel":90,"minecraft:dripstone_block":1,"minecraft:gray_carpet":9,"minecraft:acacia_planks":116,"minecraft:small_dripleaf":3,"minecraft:waxed_exposed_cut_copper":11,"minecraft:fern":13},"minecraft:killed":{"minecraft:witch":1,"minecraft:spider":12,"minecraft:skeleton":203,"minecraft:pig":3,"minecraft:creeper":44,"minecraft:sheep":5,"minecraft:pillager":4,"minecraft:zombie":613,"minecraft:stray":1,"minecraft:cow":3,"minecraft:evoker":1,"minecraft:vindicator":1,"minecraft:drowned":2,"minecraft:warden":1,"minecraft:ravager":21,"minecraft:wither_skeleton":39},"minecraft:killed_by":{"minecraft:wither_skeleton":2,"minecraft:creeper":1,"minecraft:ravager":1,"minecraft:zombie":30,"minecraft:player":4,"minecraft:warden":12,"minecraft:skeleton":5},"minecraft:picked_up":{"minecraft:flower_pot":1,"minecraft:smithing_table":1,"minecraft:magenta_carpet":3,"minecraft:stone_slab":13,"minecraft:diamond_sword":3,"soulsweapons:moonstone":2,"minecraft:potion":1,"minecraft:string":22,"minecraft:dark_oak_trapdoor":9,"minecraft:waxed_cut_copper_slab":2,"minecraft:smooth_stone_slab":1,"minecraft:iron_leggings":2,"minecraft:cobbled_deepslate":7,"minecraft:spruce_planks":176,"minecraft:waxed_exposed_cut_copper":8,"minecraft:rose_bush":3,"minecraft:iron_boots":3,"minecraft:furnace":2,"minecraft:dark_oak_door":1,"minecraft:tipped_arrow":1,"minecraft:stick":99,"minecraft:acacia_fence":7,"minecraft:torch":64,"minecraft:acacia_log":190,"minecraft:spruce_stairs":10,"minecraft:porkchop":12,"minecraft:lightning_rod":2,"minecraft:goat_horn":1,"minecraft:waxed_cut_copper_stairs":2,"minecraft:stone_sword":2,"minecraft:rotten_flesh":538,"minecraft:waxed_cut_copper":9,"minecraft:obsidian":8,"minecraft:cobblestone":619,"minecraft:enchanting_table":1,"minecraft:cooked_beef":2,"minecraft:lilac":2,"minecraft:birch_slab":2,"minecraft:andesite":98,"minecraft:smoker":3,"minecraft:potato":4,"minecraft:flint":14,"minecraft:warped_trapdoor":1,"minecraft:lapis_lazuli":14,"minecraft:dirt":290,"biomemakeover:crude_fragment":1,"minecraft:purple_carpet":2,"minecraft:bone":325,"minecraft:acacia_planks":124,"minecraft:bow":4,"minecraft:wheat_seeds":7,"minecraft:orange_tulip":9,"minecraft:glowstone_dust":2,"minecraft:moss_block":2,"minecraft:black_terracotta":13,"minecraft:sand":36,"minecraft:stripped_spruce_log":25,"minecraft:lily_of_the_valley":2,"minecraft:diamond_block":4,"minecraft:barrel":2,"minecraft:mossy_cobblestone":25,"minecraft:dark_prismarine":3,"minecraft:dark_prismarine_slab":1,"minecraft:yellow_carpet":2,"minecraft:diamond":50,"minecraft:slime_block":4,"minecraft:spruce_boat":3,"minecraft:lever":3,"minecraft:polished_blackstone_button":2,"minecraft:golden_apple":10,"soulsweapons:verglas":5,"minecraft:emerald":2,"minecraft:oak_sapling":1,"minecraft:dark_oak_fence":6,"minecraft:diamond_pickaxe":2,"minecraft:waxed_oxidized_cut_copper":20,"minecraft:charcoal":3,"minecraft:mud_brick_slab":18,"minecraft:crafting_table":8,"minecraft:turtle_helmet":1,"minecraft:gold_block":1,"minecraft:crimson_trapdoor":8,"minecraft:cornflower":53,"minecraft:moss_carpet":6,"minecraft:acacia_door":2,"minecraft:item_frame":7,"minecraft:iron_shovel":2,"minecraft:blue_orchid":17,"minecraft:glass_pane":1,"minecraft:beef":7,"minecraft:player_head":10,"minecraft:light_gray_wool":1,"minecraft:spruce_slab":33,"minecraft:lectern":1,"minecraft:tinted_glass":11,"minecraft:chest":4,"minecraft:spruce_trapdoor":62,"minecraft:egg":10,"minecraft:copper_ore":2,"minecraft:raw_iron":13,"minecraft:copper_ingot":18,"minecraft:carrot":1,"minecraft:redstone":10,"minecraft:blue_carpet":9,"minecraft:dark_oak_planks":19,"minecraft:tnt":4,"minecraft:arrow":295,"minecraft:diamond_chestplate":3,"minecraft:pumpkin_pie":1,"minecraft:peony":3,"minecraft:hay_block":40,"minecraft:cut_copper":28,"minecraft:waxed_oxidized_cut_copper_stairs":1,"minecraft:totem_of_undying":1,"minecraft:saddle":8,"minecraft:gold_ingot":4,"minecraft:glow_berries":7,"minecraft:mutton":7,"minecraft:crimson_slab":1,"minecraft:rail":1,"minecraft:white_wool":5,"minecraft:mud_bricks":275,"minecraft:golden_carrot":8,"minecraft:glow_ink_sac":5,"minecraft:tripwire_hook":1,"minecraft:fern":1,"minecraft:leather":13,"minecraft:packed_mud":83,"minecraft:cobblestone_wall":9,"minecraft:gunpowder":36,"minecraft:cobblestone_stairs":14,"minecraft:blue_bed":2,"minecraft:cooked_mutton":3,"minecraft:red_carpet":1,"minecraft:waxed_weathered_cut_copper":1,"minecraft:gray_carpet":19,"minecraft:acacia_trapdoor":4,"minecraft:iron_ingot":23,"minecraft:cooked_chicken":1,"minecraft:glass_bottle":7,"minecraft:iron_sword":2,"minecraft:flowering_azalea":4,"minecraft:oxidized_cut_copper":14,"minecraft:acacia_sapling":25,"minecraft:dark_oak_stairs":10,"minecraft:book":456,"minecraft:sculk_catalyst":1,"minecraft:scaffolding":1,"minecraft:dark_oak_slab":1,"minecraft:spyglass":1,"minecraft:dripstone_block":1,"minecraft:gravel":78,"minecraft:crimson_stairs":1,"minecraft:spruce_sapling":16,"minecraft:mud_brick_wall":14,"minecraft:blast_furnace":4,"minecraft:spruce_log":226,"minecraft:spruce_door":3,"minecraft:spider_eye":5,"minecraft:pumpkin_seeds":8,"minecraft:gray_banner":1,"minecraft:honey_block":1,"minecraft:light_blue_carpet":1,"minecraft:iron_helmet":1,"minecraft:diamond_axe":11,"minecraft:warped_roots":1,"minecraft:baked_potato":13,"minecraft:acacia_slab":3,"minecraft:coal":142,"minecraft:hopper":2},"minecraft:used":{"minecraft:waxed_exposed_cut_copper":2,"minecraft:iron_shovel":470,"minecraft:spruce_slab":6,"minecraft:chest":7,"minecraft:shield":95,"minecraft:iron_sword":4,"travelersbackpack:diamond":1,"minecraft:oxidized_cut_copper":33,"minecraft:iron_chestplate":1,"minecraft:cut_copper":53,"minecraft:stripped_spruce_log":4,"minecraft:spruce_boat":5,"minecraft:glass":12,"minecraft:packed_mud":34,"minecraft:waxed_weathered_cut_copper":1,"minecraft:bow":187,"minecraft:furnace":2,"minecraft:acacia_fence":96,"minecraft:egg":4,"minecraft:dark_oak_stairs":3,"minecraft:diamond_boots":1,"minecraft:stone_pickaxe":442,"minecraft:wooden_pickaxe":59,"minecraft:golden_apple":99,"minecraft:dark_oak_trapdoor":1,"minecraft:blast_furnace":3,"minecraft:bread":137,"minecraft:diamond_sword":2971,"minecraft:smithing_table":1,"minecraft:andesite":131,"minecraft:stone_sword":98,"minecraft:stone_shovel":57,"minecraft:spruce_planks":186,"minecraft:torch":172,"minecraft:dirt":175,"minecraft:spyglass":7,"minecraft:anvil":1,"minecraft:cobblestone_wall":25,"minecraft:diamond_helmet":2,"minecraft:dark_oak_planks":7,"minecraft:waxed_cut_copper":1,"minecraft:iron_axe":618,"minecraft:slime_block":1,"minecraft:acacia_slab":13,"minecraft:mud_bricks":160,"minecraft:barrel":1,"minecraft:diamond_chestplate":3,"minecraft:waxed_cut_copper_slab":1,"minecraft:cooked_beef":1,"minecraft:acacia_planks":394,"minecraft:cooked_mutton":7,"minecraft:water_bucket":29,"minecraft:mud_brick_slab":9,"minecraft:waxed_oxidized_cut_copper":8,"minecraft:crafting_table":14,"disenchanting:disenchanter":1,"minecraft:spruce_log":194,"minecraft:smoker":2,"minecraft:diamond_pickaxe":542,"minecraft:acacia_stairs":33,"minecraft:iron_pickaxe":436,"minecraft:spruce_trapdoor":1,"minecraft:stone_axe":265,"minecraft:mud_brick_wall":1,"travelersbackpack:standard":2,"minecraft:cobblestone":483,"minecraft:bucket":32,"minecraft:splash_potion":1,"minecraft:diamond_leggings":1},"minecraft:broken":{"mininghelmet:mining_helmet":1,"minecraft:iron_shovel":1,"minecraft:diamond_helmet":2,"minecraft:stone_pickaxe":3,"minecraft:diamond_boots":3,"minecraft:stone_axe":2,"minecraft:diamond_sword":1,"minecraft:diamond_chestplate":1,"minecraft:stone_sword":1,"minecraft:diamond_leggings":1,"minecraft:wooden_pickaxe":1,"minecraft:shield":3,"minecraft:iron_axe":1,"minecraft:iron_pickaxe":1,"immersive_armors:warrior_leggings":1},"minecraft:custom":{"minecraft:interact_with_crafting_table":138,"minecraft:open_barrel":94,"minecraft:bell_ring":2,"minecraft:leave_game":17,"minecraft:time_since_death":27856,"minecraft:damage_resisted":119,"minecraft:sprint_one_cm":2372282,"minecraft:damage_blocked_by_shield":10010,"minecraft:drop":167,"minecraft:play_noteblock":2,"minecraft:talked_to_villager":16,"minecraft:play_time":1153472,"minecraft:deaths":59,"minecraft:jump":10538,"minecraft:walk_on_water_one_cm":98016,"minecraft:interact_with_furnace":59,"minecraft:interact_with_loom":4,"minecraft:sleep_in_bed":19,"minecraft:open_enderchest":6,"minecraft:damage_dealt":131035,"minecraft:player_kills":1,"minecraft:crouch_one_cm":262389,"minecraft:interact_with_smoker":45,"minecraft:inspect_dispenser":2,"minecraft:horse_one_cm":757908,"minecraft:interact_with_smithing_table":2,"minecraft:inspect_dropper":1,"minecraft:interact_with_anvil":17,"minecraft:mob_kills":980,"minecraft:inspect_hopper":1,"minecraft:climb_one_cm":51255,"minecraft:walk_one_cm":3945601,"minecraft:sneak_time":138370,"minecraft:walk_under_water_one_cm":75835,"minecraft:boat_one_cm":30072,"minecraft:interact_with_lectern":2,"minecraft:interact_with_blast_furnace":35,"minecraft:total_world_time":1181982,"minecraft:tune_noteblock":70,"minecraft:time_since_rest":27876,"minecraft:damage_absorbed":2988,"minecraft:damage_taken":29489,"minecraft:swim_one_cm":28001,"minecraft:fly_one_cm":2027250,"minecraft:open_chest":581,"minecraft:fall_one_cm":217767}},"DataVersion":3465}