{"stats":{"minecraft:custom":{"minecraft:time_since_rest":110471,"minecraft:sprint_one_cm":56570,"minecraft:play_time":110471,"minecraft:walk_one_cm":415425,"minecraft:walk_under_water_one_cm":7152,"minecraft:mob_kills":2,"minecraft:jump":447,"minecraft:damage_dealt":596,"minecraft:leave_game":2,"minecraft:walk_on_water_one_cm":12745,"minecraft:time_since_death":110471,"minecraft:climb_one_cm":577,"minecraft:total_world_time":110471,"minecraft:talked_to_villager":2,"minecraft:fly_one_cm":1307288},"minecraft:used":{"minecraft:structure_block":9,"minecraft:water_bucket":269,"minecraft:netherite_sword":8,"minecraft:dirt":192,"minecraft:grass_block":1843,"minecraft:chiseled_quartz_block":16,"minecraft:stone":18,"minecraft:cherry_leaves":25,"minecraft:smooth_quartz":8,"minecraft:cherry_log":21},"minecraft:picked_up":{"minecraft:pink_petals":12,"minecraft:rotten_flesh":2,"minecraft:lead":2,"minecraft:wheat_seeds":20,"minecraft:dandelion":39,"minecraft:soul_torch":1},"minecraft:killed":{"minecraft:trader_llama":2}},"DataVersion":3465}