{"stats":{"minecraft:custom":{"minecraft:jump":10,"minecraft:damage_dealt":50,"minecraft:time_since_rest":6491,"minecraft:damage_taken":230,"minecraft:leave_game":3,"minecraft:play_time":34982,"minecraft:time_since_death":6402,"minecraft:sprint_one_cm":16299,"minecraft:walk_one_cm":50337,"minecraft:walk_on_water_one_cm":2460,"minecraft:deaths":1,"minecraft:sneak_time":363,"minecraft:total_world_time":34982,"minecraft:fall_one_cm":1638,"minecraft:fly_one_cm":259751},"minecraft:mined":{"minecraft:tall_grass":1,"minecraft:grass":1,"minecraft:powder_snow":2},"minecraft:killed_by":{"minecraft:zombie":1},"minecraft:picked_up":{"minecraft:arrow":64,"minecraft:bow":1}},"DataVersion":3465}