{"stats":{"minecraft:custom":{"minecraft:jump":3,"minecraft:time_since_rest":20134,"minecraft:leave_game":1,"minecraft:sprint_one_cm":11492,"minecraft:walk_on_water_one_cm":2460,"minecraft:play_time":20134,"minecraft:damage_taken":30,"minecraft:time_since_death":20134,"minecraft:walk_one_cm":34281,"minecraft:sneak_time":363,"minecraft:total_world_time":20134,"minecraft:fall_one_cm":819,"minecraft:fly_one_cm":249772},"minecraft:mined":{"minecraft:grass":1,"minecraft:tall_grass":1,"minecraft:powder_snow":2}},"DataVersion":3465}