{"stats":{"minecraft:crafted":{"minecraft:cooked_chicken":4,"minecraft:cooked_mutton":3,"minecraft:diamond_helmet":1,"minecraft:diamond_leggings":1,"minecraft:bow":1,"minecraft:chest":7,"minecraft:arrow":4,"minecraft:cooked_porkchop":9,"minecraft:spruce_planks":160,"minecraft:baked_potato":31,"minecraft:iron_helmet":1,"minecraft:copper_ingot":18,"minecraft:gold_block":10,"minecraft:diamond_pickaxe":2,"minecraft:stick":360,"minecraft:iron_ingot":26,"minecraft:iron_pickaxe":2,"minecraft:gold_ingot":1,"minecraft:leather_leggings":1,"minecraft:furnace":1,"minecraft:white_carpet":3,"minecraft:diamond_boots":1,"minecraft:redstone_block":7,"minecraft:dark_oak_planks":24,"minecraft:cooked_beef":8,"minecraft:iron_sword":2,"minecraft:mangrove_planks":12,"minecraft:iron_shovel":1,"minecraft:iron_leggings":2,"minecraft:acacia_planks":100,"minecraft:torch":64,"minecraft:diamond_chestplate":1},"minecraft:dropped":{"minecraft:iron_sword":1,"minecraft:moss_block":5,"minecraft:dark_oak_stairs":3,"minecraft:oak_log":11,"minecraft:diamond":11,"minecraft:dark_oak_slab":1,"minecraft:warped_roots":1,"minecraft:rail":4,"minecraft:item_frame":1,"minecraft:dirt":3,"minecraft:packed_mud":7,"minecraft:cornflower":2,"minecraft:lever":1,"minecraft:diamond_block":4,"minecraft:tinted_glass":3,"minecraft:rotten_flesh":10,"minecraft:jungle_log":1,"minecraft:leather_leggings":2,"minecraft:spruce_slab":5,"minecraft:acacia_fence":1,"minecraft:stripped_spruce_log":1,"minecraft:wheat_seeds":2,"minecraft:iron_helmet":1,"minecraft:cobblestone":80,"minecraft:golden_apple":3,"minecraft:torch":62,"minecraft:mud_brick_stairs":2,"minecraft:iron_leggings":3,"minecraft:flowering_azalea":2,"minecraft:iron_shovel":1,"minecraft:gray_carpet":13,"minecraft:player_head":1,"minecraft:stone_sword":1,"minecraft:iron_boots":3,"minecraft:stone_slab":2,"minecraft:waxed_exposed_cut_copper":1,"minecraft:deepslate_bricks":1,"minecraft:diamond_sword":1,"minecraft:flower_pot":1,"minecraft:waxed_cut_copper":1,"minecraft:spruce_trapdoor":12,"minecraft:spruce_planks":19,"minecraft:diamond_pickaxe":1,"minecraft:spider_eye":3,"minecraft:diamond_boots":1,"minecraft:spruce_log":10,"minecraft:blue_orchid":1,"minecraft:cracked_deepslate_bricks":1},"minecraft:mined":{"minecraft:dark_oak_planks":14,"minecraft:waxed_cut_copper_slab":2,"minecraft:dark_prismarine_stairs":2,"minecraft:spruce_planks":29,"minecraft:prismarine_wall":3,"minecraft:black_terracotta":5,"minecraft:spruce_trapdoor":3,"minecraft:cave_vines_plant":1,"minecraft:acacia_log":30,"minecraft:grass_block":27,"minecraft:deepslate_bricks":1,"minecraft:mud_bricks":47,"minecraft:mud_brick_wall":14,"minecraft:spawner":1,"minecraft:iron_ore":18,"minecraft:moss_carpet":1,"minecraft:dark_oak_stairs":3,"minecraft:cave_vines":3,"minecraft:dirt_path":3,"minecraft:oak_stairs":1,"minecraft:deepslate_brick_stairs":1,"minecraft:blue_orchid":4,"minecraft:spruce_slab":4,"minecraft:waxed_cut_copper":6,"minecraft:waxed_cut_copper_stairs":1,"minecraft:brown_mushroom":4,"minecraft:blackstone":3,"minecraft:amethyst_cluster":2,"minecraft:soul_lantern":1,"minecraft:torch":4,"minecraft:mud_brick_stairs":4,"minecraft:chest":1,"minecraft:white_stained_glass_pane":1,"minecraft:cobblestone":6,"minecraft:grindstone":1,"minecraft:wall_torch":5,"minecraft:amethyst_block":1,"minecraft:skeleton_skull":1,"minecraft:dark_oak_slab":1,"minecraft:tinted_glass":2,"minecraft:grass":22,"minecraft:loom":1,"minecraft:dirt":31,"minecraft:red_mushroom_block":1,"minecraft:oak_leaves":7,"minecraft:emerald_block":3,"minecraft:redstone_lamp":1,"soulsweapons:verglas_ore":1,"biomemakeover:willow_leaves":6,"minecraft:yellow_terracotta":1,"minecraft:dark_prismarine":5,"minecraft:glow_lichen":1,"minecraft:moss_block":1,"minecraft:large_fern":1,"minecraft:oxidized_cut_copper":1,"minecraft:packed_mud":19,"minecraft:andesite":61,"minecraft:stripped_spruce_log":47,"minecraft:polished_deepslate":3,"minecraft:bookshelf":4,"minecraft:vine":1,"minecraft:cut_copper":3,"minecraft:stone":220,"minecraft:white_wool":4,"minecraft:smithing_table":1,"minecraft:mud_brick_slab":1,"minecraft:scaffolding":1,"minecraft:observer":1,"minecraft:spruce_door":1,"minecraft:crafting_table":1,"minecraft:cornflower":7,"minecraft:warped_roots":2,"minecraft:sculk_sensor":1,"minecraft:campfire":3,"minecraft:stone_slab":4,"minecraft:lightning_rod":1,"minecraft:tall_grass":1,"minecraft:copper_ore":5,"minecraft:cracked_deepslate_bricks":1,"minecraft:blue_bed":2,"minecraft:purple_bed":2,"minecraft:sea_pickle":1,"minecraft:birch_leaves":5,"minecraft:red_sandstone_wall":2,"minecraft:coal_ore":159,"minecraft:gravel":4,"minecraft:gray_carpet":3,"minecraft:acacia_planks":6,"minecraft:stripped_acacia_wood":2,"minecraft:waxed_exposed_cut_copper":4,"minecraft:acacia_wall_sign":1,"minecraft:iron_trapdoor":1,"minecraft:fern":6},"minecraft:killed":{"minecraft:spider":10,"minecraft:skeleton":56,"minecraft:chicken":4,"minecraft:pig":3,"minecraft:creeper":2,"minecraft:sheep":4,"minecraft:pillager":1,"minecraft:zombie":119,"minecraft:cow":6,"minecraft:ravager":7,"minecraft:wither_skeleton":10},"minecraft:killed_by":{"minecraft:wither_skeleton":4,"minecraft:zombie":22,"minecraft:player":1,"minecraft:skeleton":15},"minecraft:picked_up":{"minecraft:wooden_axe":1,"minecraft:flower_pot":1,"minecraft:smithing_table":1,"minecraft:stone_slab":5,"minecraft:diamond_sword":3,"minecraft:oak_stairs":1,"minecraft:amethyst_block":1,"minecraft:string":10,"minecraft:raw_copper":18,"travelersbackpack:diamond":1,"minecraft:iron_leggings":2,"minecraft:armor_stand":1,"minecraft:sea_pickle":3,"minecraft:diamond_leggings":1,"minecraft:spruce_planks":41,"minecraft:waxed_exposed_cut_copper":5,"minecraft:acacia_sign":1,"minecraft:iron_boots":1,"minecraft:golden_helmet":1,"minecraft:acacia_fence":1,"minecraft:torch":71,"minecraft:acacia_log":25,"minecraft:porkchop":9,"minecraft:lightning_rod":1,"minecraft:goat_horn":1,"minecraft:waxed_cut_copper_stairs":2,"minecraft:stone_sword":1,"minecraft:rotten_flesh":103,"minecraft:waxed_cut_copper":8,"minecraft:deepslate_brick_stairs":1,"minecraft:cobblestone":227,"minecraft:feather":3,"minecraft:birch_slab":1,"minecraft:water_bucket":1,"minecraft:andesite":80,"minecraft:mud_brick_stairs":6,"minecraft:potato":1,"minecraft:dirt":61,"minecraft:bone":94,"minecraft:acacia_planks":6,"minecraft:bow":1,"minecraft:wheat_seeds":9,"minecraft:grindstone":1,"minecraft:moss_block":5,"minecraft:black_terracotta":4,"minecraft:red_sandstone_wall":2,"minecraft:stripped_acacia_wood":1,"minecraft:stripped_spruce_log":41,"minecraft:loom":1,"minecraft:dark_prismarine":3,"minecraft:spruce_boat":2,"minecraft:soul_lantern":1,"minecraft:lever":2,"minecraft:golden_apple":9,"soulsweapons:verglas":1,"minecraft:charcoal":4,"minecraft:crafting_table":1,"minecraft:chicken":4,"minecraft:leather_leggings":1,"minecraft:redstone_lamp":1,"minecraft:brown_mushroom":4,"minecraft:wooden_pickaxe":1,"minecraft:crimson_trapdoor":2,"minecraft:shield":1,"minecraft:cornflower":8,"minecraft:item_frame":1,"minecraft:blackstone":2,"minecraft:blue_orchid":5,"minecraft:beef":13,"minecraft:player_head":6,"minecraft:lectern":1,"biomemakeover:willow_log":1,"minecraft:spruce_slab":7,"minecraft:tinted_glass":4,"minecraft:spruce_trapdoor":14,"minecraft:egg":5,"minecraft:raw_iron":19,"minecraft:glow_item_frame":1,"minecraft:copper_ingot":1,"minecraft:note_block":1,"minecraft:redstone":8,"minecraft:blue_carpet":1,"minecraft:dark_oak_planks":18,"minecraft:arrow":97,"minecraft:diamond_chestplate":1,"minecraft:diamond_boots":2,"minecraft:deepslate_bricks":1,"minecraft:cut_copper":4,"minecraft:waxed_oxidized_cut_copper_stairs":1,"minecraft:cracked_deepslate_bricks":1,"minecraft:saddle":3,"minecraft:mutton":7,"minecraft:white_wool":8,"minecraft:skeleton_skull":1,"minecraft:rail":4,"minecraft:mud_bricks":48,"minecraft:salmon":1,"minecraft:leather":7,"minecraft:packed_mud":22,"minecraft:oak_log":11,"minecraft:gunpowder":9,"minecraft:blue_bed":2,"minecraft:gray_carpet":14,"minecraft:stone_pickaxe":1,"minecraft:iron_ingot":1,"minecraft:oxidized_cut_copper":1,"minecraft:flowering_azalea":2,"minecraft:dark_oak_stairs":4,"minecraft:book":52,"minecraft:scaffolding":3,"minecraft:dark_oak_slab":2,"minecraft:emerald_block":3,"minecraft:gravel":2,"minecraft:amethyst_shard":2,"minecraft:mud_brick_wall":20,"minecraft:spruce_door":1,"minecraft:spider_eye":6,"minecraft:purple_bed":2,"biomemakeover:willow_sapling":2,"minecraft:prismarine_wall":7,"minecraft:stone_axe":1,"minecraft:chainmail_leggings":1,"minecraft:diamond_axe":7,"minecraft:warped_roots":1,"minecraft:waxed_oxidized_cut_copper_slab":1,"minecraft:coal":217},"minecraft:used":{"minecraft:waxed_exposed_cut_copper":1,"minecraft:iron_shovel":21,"minecraft:spruce_slab":1,"minecraft:ladder":7,"minecraft:chest":4,"minecraft:shield":21,"minecraft:iron_sword":93,"travelersbackpack:diamond":1,"minecraft:oxidized_cut_copper":1,"minecraft:cut_copper":19,"minecraft:packed_mud":7,"minecraft:redstone_lamp":11,"minecraft:bow":164,"minecraft:furnace":1,"minecraft:stone_pickaxe":130,"minecraft:gray_carpet":1,"minecraft:wooden_pickaxe":59,"minecraft:redstone_block":1,"minecraft:blue_bed":2,"minecraft:diamond_axe":118,"minecraft:golden_apple":3,"minecraft:loom":1,"minecraft:lightning_rod":1,"lolenderite:obsidian_infused_enderite_pickaxe":54,"minecraft:bread":31,"minecraft:diamond_sword":818,"minecraft:grindstone":1,"minecraft:smithing_table":1,"minecraft:andesite":38,"minecraft:stone_sword":72,"minecraft:armor_stand":1,"minecraft:spruce_planks":41,"minecraft:torch":47,"minecraft:dirt":99,"minecraft:white_carpet":3,"minecraft:dark_oak_planks":6,"minecraft:wooden_axe":4,"minecraft:waxed_cut_copper":2,"minecraft:mud_bricks":8,"minecraft:golden_carrot":16,"minecraft:emerald_block":3,"minecraft:cooked_beef":8,"minecraft:acacia_planks":85,"minecraft:cooked_mutton":5,"minecraft:water_bucket":26,"minecraft:glass_bottle":4,"minecraft:baked_potato":8,"minecraft:crafting_table":1,"minecraft:spruce_log":234,"lolenderite:enderite_sword":15,"minecraft:oak_log":65,"minecraft:diamond_pickaxe":59,"minecraft:diamond_shovel":2,"minecraft:iron_pickaxe":392,"minecraft:stone_axe":41,"minecraft:cobblestone":144,"minecraft:purple_bed":2,"minecraft:pumpkin_pie":1},"minecraft:broken":{"minecraft:stone_pickaxe":1,"minecraft:wooden_pickaxe":1,"minecraft:shield":1,"minecraft:iron_pickaxe":1},"minecraft:custom":{"minecraft:interact_with_crafting_table":45,"minecraft:open_barrel":93,"minecraft:bell_ring":1,"minecraft:leave_game":44,"minecraft:time_since_death":123616,"minecraft:sprint_one_cm":628880,"minecraft:damage_blocked_by_shield":2750,"minecraft:drop":71,"minecraft:play_noteblock":1,"minecraft:play_time":879735,"minecraft:deaths":43,"minecraft:jump":3633,"minecraft:walk_on_water_one_cm":57400,"minecraft:interact_with_furnace":37,"minecraft:interact_with_cartography_table":1,"minecraft:interact_with_loom":4,"minecraft:sleep_in_bed":17,"minecraft:open_enderchest":4,"minecraft:damage_dealt":34659,"minecraft:player_kills":4,"minecraft:crouch_one_cm":12437,"minecraft:interact_with_smoker":8,"minecraft:inspect_dispenser":1,"minecraft:interact_with_smithing_table":6,"minecraft:mob_kills":234,"minecraft:interact_with_anvil":1,"minecraft:inspect_hopper":1,"minecraft:climb_one_cm":39365,"minecraft:walk_one_cm":3254315,"minecraft:sneak_time":11145,"minecraft:walk_under_water_one_cm":34443,"minecraft:boat_one_cm":11950,"minecraft:interact_with_lectern":1,"minecraft:interact_with_blast_furnace":8,"minecraft:total_world_time":879735,"minecraft:interact_with_grindstone":3,"minecraft:interact_with_stonecutter":1,"minecraft:time_since_rest":84936,"minecraft:damage_taken":16562,"minecraft:damage_absorbed":8,"minecraft:swim_one_cm":13960,"minecraft:fly_one_cm":243884,"minecraft:open_chest":344,"minecraft:fall_one_cm":62740}},"DataVersion":3465}