{"stats":{"minecraft:mined":{"minecraft:tall_grass":1,"minecraft:grass":1,"minecraft:powder_snow":2},"minecraft:custom":{"minecraft:jump":4,"minecraft:time_since_rest":23461,"minecraft:damage_taken":30,"minecraft:leave_game":2,"minecraft:play_time":23461,"minecraft:sprint_one_cm":11492,"minecraft:time_since_death":23461,"minecraft:walk_on_water_one_cm":2460,"minecraft:walk_one_cm":34293,"minecraft:sneak_time":363,"minecraft:total_world_time":23461,"minecraft:fall_one_cm":819,"minecraft:fly_one_cm":249974}},"DataVersion":3465}