{"stats":{"minecraft:used":{"minecraft:cornflower":1,"minecraft:dirt":1},"minecraft:picked_up":{"minecraft:purple_candle":4},"minecraft:mined":{"minecraft:acacia_log":1,"minecraft:grass_block":1,"minecraft:purple_candle":1},"minecraft:custom":{"minecraft:jump":66,"minecraft:open_chest":1,"minecraft:time_since_rest":6360,"minecraft:sneak_time":43,"minecraft:walk_on_water_one_cm":319,"minecraft:leave_game":5,"minecraft:play_time":6360,"minecraft:sprint_one_cm":13144,"minecraft:damage_taken":30,"minecraft:time_since_death":6360,"minecraft:walk_one_cm":6478,"minecraft:walk_under_water_one_cm":182,"minecraft:climb_one_cm":2699,"minecraft:total_world_time":6360,"minecraft:fall_one_cm":2161,"minecraft:fly_one_cm":12365}},"DataVersion":3465}