{"stats":{"minecraft:dropped":{"minecraft:stone_axe":2,"minecraft:wheat_seeds":2,"minecraft:lilac":2,"minecraft:dark_oak_slab":1,"minecraft:rotten_flesh":2,"minecraft:black_terracotta":2,"minecraft:spruce_stairs":1,"minecraft:stick":22,"minecraft:crimson_stairs":1,"minecraft:mud_bricks":2,"minecraft:peony":1,"minecraft:spruce_trapdoor":4,"minecraft:spruce_planks":52,"minecraft:dark_oak_trapdoor":1,"minecraft:rose_bush":2,"minecraft:stripped_dark_oak_wood":1,"minecraft:cooked_salmon":1,"minecraft:stone_pickaxe":1,"minecraft:iron_pickaxe":1,"minecraft:string":2},"minecraft:used":{"minecraft:water_bucket":5,"minecraft:stone_pickaxe":51,"minecraft:waxed_oxidized_cut_copper":3,"minecraft:spruce_planks":222,"minecraft:shield":2,"minecraft:diamond_axe":211,"minecraft:iron_chestplate":1,"minecraft:torch":24,"minecraft:dirt":4,"minecraft:crafting_table":1,"minecraft:dark_oak_planks":3,"minecraft:cornflower":4,"minecraft:packed_mud":2,"minecraft:waxed_cut_copper":2,"minecraft:blue_orchid":5,"minecraft:bread":13,"minecraft:iron_pickaxe":78,"minecraft:crimson_planks":2,"minecraft:mud_bricks":10,"minecraft:golden_helmet":1,"minecraft:stone_axe":84,"minecraft:cobblestone":39,"minecraft:bucket":5,"minecraft:chainmail_leggings":1},"minecraft:picked_up":{"minecraft:waxed_oxidized_cut_copper":11,"minecraft:mud_bricks":18,"minecraft:lilac":2,"minecraft:water_bucket":1,"minecraft:packed_mud":5,"minecraft:crimson_planks":2,"minecraft:gunpowder":2,"minecraft:string":2,"minecraft:cornflower":4,"minecraft:dirt":4,"minecraft:dark_oak_trapdoor":3,"minecraft:moss_carpet":1,"minecraft:cooked_salmon":1,"minecraft:item_frame":1,"minecraft:bone":26,"minecraft:blue_orchid":5,"minecraft:apple":27,"minecraft:gray_carpet":6,"minecraft:wheat_seeds":2,"minecraft:dark_prismarine_stairs":2,"minecraft:spruce_planks":26,"minecraft:waxed_exposed_cut_copper":1,"minecraft:iron_ingot":1,"minecraft:rose_bush":2,"minecraft:iron_pickaxe":1,"minecraft:spruce_slab":10,"minecraft:tinted_glass":12,"minecraft:spruce_trapdoor":4,"minecraft:book":104,"minecraft:dark_oak_slab":1,"minecraft:black_terracotta":9,"minecraft:crimson_stairs":1,"minecraft:spruce_stairs":1,"minecraft:torch":20,"minecraft:spyglass":1,"minecraft:note_block":2,"minecraft:stripped_spruce_log":1,"minecraft:spruce_log":65,"minecraft:dark_prismarine":5,"minecraft:dark_oak_planks":6,"minecraft:waxed_cut_copper_stairs":3,"minecraft:arrow":22,"minecraft:rotten_flesh":4,"minecraft:stone_axe":1,"minecraft:peony":1,"minecraft:stripped_dark_oak_wood":1,"minecraft:bread":32,"minecraft:waxed_oxidized_cut_copper_slab":6,"minecraft:waxed_cut_copper":2,"minecraft:coal":1,"minecraft:cobblestone":50},"minecraft:mined":{"minecraft:waxed_cut_copper_stairs":4,"minecraft:dark_oak_planks":3,"minecraft:dark_prismarine_stairs":2,"minecraft:dark_prismarine":6,"minecraft:spruce_planks":18,"minecraft:black_terracotta":10,"minecraft:spruce_trapdoor":4,"minecraft:note_block":2,"minecraft:cornflower":4,"minecraft:grass_block":4,"minecraft:crimson_slab":1,"minecraft:rose_bush":2,"minecraft:tall_grass":1,"minecraft:cobblestone":41,"minecraft:spruce_leaves":1,"minecraft:mud_bricks":22,"minecraft:spawner":4,"minecraft:spruce_stairs":1,"minecraft:dark_oak_slab":1,"minecraft:waxed_oxidized_cut_copper":7,"minecraft:packed_mud":5,"minecraft:dark_oak_trapdoor":3,"minecraft:tinted_glass":9,"minecraft:waxed_oxidized_cut_copper_slab":4,"minecraft:lilac":1,"minecraft:spruce_log":66,"minecraft:stripped_spruce_log":1,"minecraft:moss_carpet":1,"minecraft:stripped_dark_oak_wood":2,"minecraft:peony":1,"minecraft:grass":3,"minecraft:bookshelf":18,"minecraft:cave_vines":8,"minecraft:flowering_azalea_leaves":3,"minecraft:crimson_planks":2,"minecraft:blue_orchid":4,"minecraft:stone":10,"minecraft:waxed_exposed_cut_copper":1,"minecraft:spruce_slab":7,"minecraft:fern":1,"minecraft:waxed_cut_copper":2},"minecraft:custom":{"minecraft:mob_kills":20,"minecraft:interact_with_crafting_table":8,"minecraft:tune_noteblock":9,"minecraft:open_barrel":13,"minecraft:leave_game":5,"minecraft:time_since_death":2169,"minecraft:climb_one_cm":1154,"minecraft:time_since_rest":2216,"minecraft:sprint_one_cm":136506,"minecraft:damage_taken":2481,"minecraft:walk_one_cm":294546,"minecraft:damage_blocked_by_shield":218,"minecraft:drop":26,"minecraft:damage_dealt":6109,"minecraft:play_noteblock":5,"minecraft:swim_one_cm":700,"minecraft:fly_one_cm":104308,"minecraft:open_chest":45,"minecraft:crouch_one_cm":68584,"minecraft:play_time":111778,"minecraft:deaths":3,"minecraft:sneak_time":24056,"minecraft:walk_under_water_one_cm":288,"minecraft:jump":758,"minecraft:walk_on_water_one_cm":1809,"minecraft:interact_with_smoker":2,"minecraft:total_world_time":111778,"minecraft:fall_one_cm":21043},"minecraft:killed_by":{"minecraft:skeleton":3},"minecraft:crafted":{"minecraft:diamond_axe":3,"minecraft:crafting_table":1,"minecraft:spruce_planks":264,"minecraft:stone_axe":3,"minecraft:shield":1,"minecraft:stick":4,"minecraft:iron_pickaxe":1,"minecraft:stone_pickaxe":2,"minecraft:torch":4},"minecraft:killed":{"minecraft:creeper":1,"minecraft:skeleton":9,"minecraft:zombie":7,"minecraft:wither_skeleton":2}},"DataVersion":3465}