{"stats":{"minecraft:dropped":{"minecraft:spyglass":1,"minecraft:player_head":1,"minecraft:iron_helmet":1,"minecraft:black_terracotta":11,"minecraft:iron_boots":1,"minecraft:waxed_exposed_cut_copper":2,"minecraft:packed_mud":2,"minecraft:iron_chestplate":1,"minecraft:iron_leggings":1,"minecraft:iron_pickaxe":1,"minecraft:prismarine_wall":2,"minecraft:dark_prismarine":4,"minecraft:gray_carpet":30,"minecraft:cyan_carpet":1,"minecraft:bone":26},"minecraft:used":{"minecraft:waxed_exposed_cut_copper":3,"minecraft:baked_potato":1,"minecraft:iron_sword":34,"minecraft:blue_bed":1,"minecraft:iron_chestplate":1,"minecraft:glow_berries":1,"minecraft:crafting_table":2,"minecraft:bread":13,"minecraft:packed_mud":17,"minecraft:iron_pickaxe":92,"minecraft:mud_bricks":34,"minecraft:stone_axe":21,"minecraft:diamond_sword":92,"minecraft:bucket":1,"minecraft:egg":3},"minecraft:picked_up":{"minecraft:crafting_table":3,"minecraft:waxed_oxidized_cut_copper":1,"minecraft:mud_bricks":37,"minecraft:birch_slab":4,"minecraft:leather":6,"minecraft:mud_brick_stairs":2,"minecraft:packed_mud":20,"minecraft:blue_bed":1,"minecraft:cornflower":1,"minecraft:string":2,"minecraft:moss_carpet":1,"minecraft:white_carpet":1,"minecraft:bone":26,"minecraft:cyan_carpet":1,"minecraft:acacia_planks":1,"minecraft:gray_carpet":30,"minecraft:spruce_planks":8,"minecraft:waxed_exposed_cut_copper":7,"minecraft:beef":15,"minecraft:stone_pickaxe":1,"minecraft:player_head":5,"minecraft:iron_pickaxe":1,"minecraft:egg":1,"minecraft:book":28,"minecraft:black_terracotta":11,"minecraft:spyglass":2,"minecraft:note_block":1,"minecraft:porkchop":13,"minecraft:cookie":1,"minecraft:dark_prismarine":4,"minecraft:dark_oak_planks":2,"minecraft:arrow":21,"minecraft:rotten_flesh":2,"minecraft:prismarine_wall":2,"minecraft:stone_axe":1,"minecraft:stripped_dark_oak_wood":3,"minecraft:bread":17,"minecraft:baked_potato":27,"minecraft:glow_berries":1,"minecraft:skeleton_skull":1},"minecraft:mined":{"minecraft:dark_oak_planks":2,"minecraft:dark_prismarine":4,"minecraft:acacia_leaves":3,"minecraft:spruce_planks":9,"minecraft:prismarine_wall":2,"minecraft:black_terracotta":11,"minecraft:crafting_table":3,"minecraft:cornflower":1,"minecraft:note_block":1,"minecraft:acacia_log":1,"minecraft:mud_brick_stairs":2,"minecells:rotting_corpse":1,"minecraft:mud_bricks":37,"minecraft:blue_bed":1,"minecraft:spawner":1,"minecraft:skeleton_skull":1,"minecraft:waxed_oxidized_cut_copper":1,"minecraft:packed_mud":22,"minecraft:lilac":1,"minecraft:white_carpet":1,"minecraft:stripped_dark_oak_wood":3,"minecraft:grass":3,"minecraft:bookshelf":5,"minecraft:cave_vines":4,"minecraft:flowering_azalea_leaves":3,"minecraft:cyan_carpet":1,"minecraft:acacia_planks":1,"minecraft:player_head":4,"minecraft:waxed_exposed_cut_copper":5,"minecraft:fern":2},"minecraft:custom":{"minecraft:mob_kills":34,"minecraft:interact_with_crafting_table":7,"minecraft:tune_noteblock":2,"minecraft:open_barrel":10,"minecraft:leave_game":27,"minecraft:time_since_death":1551,"minecraft:sleep_in_bed":3,"minecraft:climb_one_cm":4816,"minecraft:time_since_rest":1585,"minecraft:sprint_one_cm":186977,"minecraft:damage_taken":1284,"minecraft:walk_one_cm":243425,"minecraft:drop":16,"minecraft:damage_dealt":3470,"minecraft:play_noteblock":2,"minecraft:swim_one_cm":9433,"minecraft:talked_to_villager":1,"minecraft:fly_one_cm":107184,"minecraft:open_chest":50,"minecraft:crouch_one_cm":2664,"minecraft:play_time":111880,"minecraft:deaths":3,"minecraft:sneak_time":1746,"minecraft:walk_under_water_one_cm":1833,"minecraft:jump":852,"minecraft:interact_with_blast_furnace":3,"minecraft:walk_on_water_one_cm":2412,"minecraft:fall_one_cm":16939,"minecraft:total_world_time":111880,"minecraft:interact_with_smoker":6},"minecraft:killed_by":{"minecraft:skeleton":3},"minecraft:crafted":{"minecraft:cooked_beef":15,"minecraft:diamond_sword":1,"minecraft:iron_sword":1,"minecraft:bucket":1,"minecraft:diamond_helmet":1,"minecraft:diamond_leggings":1,"minecraft:shield":1,"minecraft:stick":8,"minecraft:iron_pickaxe":1,"minecraft:diamond_boots":1,"minecraft:diamond_chestplate":1},"minecraft:killed":{"minecraft:pig":6,"minecraft:skeleton":14,"minecraft:zombie":6,"minecraft:cow":7}},"DataVersion":3465}