{
  "minecraft:recipes/decorations/crafting_table": {
    "criteria": {
      "unlock_right_away": "2024-06-20 00:46:27 +0000"
    },
    "done": true
  },
  "minecraft:adventure/adventuring_time": {
    "criteria": {
      "minecraft:birch_forest": "2024-06-20 00:51:00 +0000",
      "minecraft:dark_forest": "2024-06-20 00:51:23 +0000",
      "minecraft:river": "2024-06-20 00:51:19 +0000",
      "minecraft:dripstone_caves": "2024-06-20 00:47:15 +0000",
      "minecraft:grove": "2024-06-20 00:46:28 +0000",
      "minecraft:jagged_peaks": "2024-06-20 00:50:47 +0000",
      "minecraft:forest": "2024-06-20 00:52:29 +0000",
      "minecraft:old_growth_birch_forest": "2024-06-20 00:51:16 +0000",
      "minecraft:meadow": "2024-06-20 00:46:50 +0000",
      "minecraft:savanna": "2024-06-20 00:53:03 +0000",
      "minecraft:plains": "2024-06-20 00:52:42 +0000"
    },
    "done": false
  },
  "minecraft:recipes/transportation/mangrove_boat": {
    "criteria": {
      "in_water": "2024-06-20 00:46:53 +0000"
    },
    "done": true
  },
  "minecraft:recipes/transportation/acacia_boat": {
    "criteria": {
      "in_water": "2024-06-20 00:46:53 +0000"
    },
    "done": true
  },
  "minecraft:recipes/transportation/cherry_boat": {
    "criteria": {
      "in_water": "2024-06-20 00:46:53 +0000"
    },
    "done": true
  },
  "minecraft:recipes/transportation/bamboo_raft": {
    "criteria": {
      "in_water": "2024-06-20 00:46:53 +0000"
    },
    "done": true
  },
  "minecraft:recipes/transportation/spruce_boat": {
    "criteria": {
      "in_water": "2024-06-20 00:46:53 +0000"
    },
    "done": true
  },
  "minecraft:recipes/transportation/birch_boat": {
    "criteria": {
      "in_water": "2024-06-20 00:46:53 +0000"
    },
    "done": true
  },
  "minecraft:recipes/transportation/oak_boat": {
    "criteria": {
      "in_water": "2024-06-20 00:46:53 +0000"
    },
    "done": true
  },
  "minecraft:recipes/transportation/jungle_boat": {
    "criteria": {
      "in_water": "2024-06-20 00:46:53 +0000"
    },
    "done": true
  },
  "minecraft:recipes/transportation/dark_oak_boat": {
    "criteria": {
      "in_water": "2024-06-20 00:46:53 +0000"
    },
    "done": true
  },
  "DataVersion": 3465
}